Time,X(CH1),X(CH2),
Second,Volt,Volt,
-4.0000006e-05,3.19999e-02,3.32000e+00,
-3.9600007e-05,4.40000e-02,3.36000e+00,
-3.9200007e-05,4.00000e-02,3.32000e+00,
-3.8800008e-05,2.79999e-02,3.32000e+00,
-3.8400009e-05,5.99999e-02,3.36000e+00,
-3.8000009e-05,2.00000e-02,3.32000e+00,
-3.7600010e-05,4.40000e-02,3.32000e+00,
-3.7200010e-05,2.40000e-02,3.32000e+00,
-3.6800011e-05,4.40000e-02,3.32000e+00,
-3.6400012e-05,3.19999e-02,3.36000e+00,
-3.6000012e-05,4.40000e-02,3.36000e+00,
-3.5600013e-05,3.19999e-02,3.32000e+00,
-3.5200013e-05,4.40000e-02,3.32000e+00,
-3.4800014e-05,3.19999e-02,3.32000e+00,
-3.4400015e-05,3.60000e-02,3.32000e+00,
-3.4000015e-05,4.00000e-02,3.32000e+00,
-3.3600016e-05,4.40000e-02,3.32000e+00,
-3.3200016e-05,3.19999e-02,3.36000e+00,
-3.2800017e-05,3.19999e-02,3.32000e+00,
-3.2400018e-05,4.40000e-02,3.36000e+00,
-3.2000018e-05,3.60000e-02,3.32000e+00,
-3.1600019e-05,4.40000e-02,3.32000e+00,
-3.1200019e-05,4.40000e-02,3.32000e+00,
-3.0800020e-05,3.19999e-02,3.36000e+00,
-3.0400020e-05,3.19999e-02,3.32000e+00,
-3.0000021e-05,4.80000e-02,3.32000e+00,
-2.9600022e-05,4.40000e-02,3.32000e+00,
-2.9200022e-05,3.19999e-02,3.36000e+00,
-2.8800023e-05,5.20000e-02,3.36000e+00,
-2.8400023e-05,3.19999e-02,3.32000e+00,
-2.8000024e-05,4.40000e-02,3.36000e+00,
-2.7600025e-05,3.19999e-02,3.32000e+00,
-2.7200025e-05,3.19999e-02,3.36000e+00,
-2.6800026e-05,4.40000e-02,3.32000e+00,
-2.6400026e-05,5.59999e-02,3.32000e+00,
-2.6000027e-05,2.00000e-02,3.36000e+00,
-2.5600028e-05,2.40000e-02,3.36000e+00,
-2.5200028e-05,5.20000e-02,3.32000e+00,
-2.4800029e-05,4.80000e-02,3.32000e+00,
-2.4400029e-05,3.19999e-02,3.36000e+00,
-2.4000030e-05,3.19999e-02,3.32000e+00,
-2.3600031e-05,4.40000e-02,3.32000e+00,
-2.3200031e-05,3.19999e-02,3.32000e+00,
-2.2800032e-05,4.00000e-02,3.32000e+00,
-2.2400032e-05,3.19999e-02,3.32000e+00,
-2.2000033e-05,4.40000e-02,3.36000e+00,
-2.1600034e-05,3.19999e-02,3.36000e+00,
-2.1200034e-05,4.40000e-02,3.32000e+00,
-2.0800035e-05,3.19999e-02,3.32000e+00,
-2.0400035e-05,4.40000e-02,3.36000e+00,
-2.0000036e-05,3.19999e-02,3.32000e+00,
-1.9600036e-05,4.40000e-02,3.32000e+00,
-1.9200037e-05,3.60000e-02,3.36000e+00,
-1.8800038e-05,4.00000e-02,3.32000e+00,
-1.8400038e-05,3.19999e-02,3.36000e+00,
-1.8000039e-05,4.80000e-02,3.32000e+00,
-1.7600039e-05,3.19999e-02,3.36000e+00,
-1.7200040e-05,4.80000e-02,3.32000e+00,
-1.6800041e-05,3.19999e-02,3.32000e+00,
-1.6400041e-05,4.40000e-02,3.36000e+00,
-1.6000042e-05,3.19999e-02,3.32000e+00,
-1.5600042e-05,4.40000e-02,3.32000e+00,
-1.5200042e-05,3.19999e-02,3.32000e+00,
-1.4800042e-05,4.40000e-02,3.36000e+00,
-1.4400041e-05,3.19999e-02,3.32000e+00,
-1.4000041e-05,4.40000e-02,3.32000e+00,
-1.3600041e-05,5.59999e-02,3.32000e+00,
-1.3200040e-05,2.40000e-02,3.36000e+00,
-1.2800040e-05,2.40000e-02,3.36000e+00,
-1.2400040e-05,4.40000e-02,3.32000e+00,
-1.2000040e-05,3.60000e-02,3.36000e+00,
-1.1600039e-05,4.40000e-02,3.32000e+00,
-1.1200039e-05,3.19999e-02,3.32000e+00,
-1.0800039e-05,4.40000e-02,3.32000e+00,
-1.0400038e-05,3.19999e-02,3.32000e+00,
-1.0000038e-05,4.40000e-02,3.36000e+00,
-9.6000376e-06,3.60000e-02,3.32000e+00,
-9.2000373e-06,4.40000e-02,3.36000e+00,
-8.8000370e-06,3.19999e-02,3.32000e+00,
-8.4000367e-06,4.40000e-02,3.32000e+00,
-8.0000364e-06,3.19999e-02,3.36000e+00,
-7.6000365e-06,4.40000e-02,3.32000e+00,
-7.2000366e-06,4.00000e-02,3.32000e+00,
-6.8000368e-06,3.60000e-02,3.36000e+00,
-6.4000369e-06,4.00000e-02,3.32000e+00,
-6.0000370e-06,3.60000e-02,3.36000e+00,
-5.6000372e-06,3.19999e-02,3.32000e+00,
-5.2000373e-06,4.80000e-02,3.36000e+00,
-4.8000375e-06,3.19999e-02,3.32000e+00,
-4.4000376e-06,4.40000e-02,3.36000e+00,
-4.0000377e-06,4.40000e-02,3.32000e+00,
-3.6000376e-06,3.19999e-02,3.36000e+00,
-3.2000376e-06,4.40000e-02,3.32000e+00,
-2.8000375e-06,3.19999e-02,3.36000e+00,
-2.4000374e-06,3.19999e-02,3.32000e+00,
-2.0000373e-06,4.40000e-02,3.36000e+00,
-1.6000373e-06,5.20000e-02,3.32000e+00,
-1.2000373e-06,2.00000e-02,3.36000e+00,
-8.0003736e-07,2.79999e-02,3.32000e+00,
-4.0003735e-07,5.20000e-02,3.36000e+00,
-3.7346126e-11,4.80000e-02,3.36000e+00,
3.9996266e-07,2.40000e-02,3.32000e+00,
7.9996266e-07,3.60000e-02,3.32000e+00,
1.1999626e-06,4.80000e-02,3.36000e+00,
1.5999626e-06,4.00000e-02,3.32000e+00,
1.9999627e-06,5.20000e-02,3.32000e+00,
2.3999628e-06,4.00000e-02,3.32000e+00,
2.7999629e-06,5.59999e-02,3.32000e+00,
3.1999630e-06,5.59999e-02,3.32000e+00,
3.5999631e-06,4.40000e-02,3.36000e+00,
3.9999632e-06,4.80000e-02,3.32000e+00,
4.3999630e-06,5.59999e-02,3.36000e+00,
4.7999629e-06,5.59999e-02,3.32000e+00,
5.1999627e-06,5.20000e-02,3.32000e+00,
5.5999626e-06,5.99999e-02,3.32000e+00,
5.9999625e-06,5.20000e-02,3.36000e+00,
6.3999623e-06,6.40000e-02,3.36000e+00,
6.7999622e-06,5.20000e-02,3.32000e+00,
7.1999621e-06,6.80000e-02,3.36000e+00,
7.5999619e-06,5.59999e-02,3.32000e+00,
7.9999618e-06,6.80000e-02,3.32000e+00,
8.3999621e-06,5.59999e-02,3.36000e+00,
8.7999624e-06,7.20000e-02,3.32000e+00,
9.1999627e-06,5.99999e-02,3.32000e+00,
9.5999631e-06,7.20000e-02,3.32000e+00,
9.9999634e-06,6.40000e-02,3.36000e+00,
1.0399964e-05,5.20000e-02,3.36000e+00,
1.0799964e-05,8.00000e-02,3.32000e+00,
1.1199964e-05,5.59999e-02,3.32000e+00,
1.1599965e-05,8.79999e-02,3.36000e+00,
1.1999965e-05,6.80000e-02,3.32000e+00,
1.2399965e-05,8.40000e-02,3.36000e+00,
1.2799966e-05,7.20000e-02,3.32000e+00,
1.3199966e-05,8.40000e-02,3.32000e+00,
1.3599966e-05,7.20000e-02,3.32000e+00,
1.3999967e-05,8.79999e-02,3.36000e+00,
1.4399967e-05,8.00000e-02,3.36000e+00,
1.4799967e-05,8.79999e-02,3.32000e+00,
1.5199967e-05,8.00000e-02,3.36000e+00,
1.5599968e-05,8.79999e-02,3.32000e+00,
1.5999967e-05,8.40000e-02,3.32000e+00,
1.6399967e-05,9.60000e-02,3.32000e+00,
1.6799966e-05,9.60000e-02,3.36000e+00,
1.7199965e-05,8.40000e-02,3.32000e+00,
1.7599965e-05,8.79999e-02,3.36000e+00,
1.7999964e-05,9.60000e-02,3.32000e+00,
1.8399964e-05,8.79999e-02,3.32000e+00,
1.8799963e-05,1.00000e-01,3.32000e+00,
1.9199962e-05,1.04000e-01,3.32000e+00,
1.9599962e-05,8.79999e-02,3.36000e+00,
1.9999961e-05,9.60000e-02,3.32000e+00,
2.0399961e-05,1.04000e-01,3.36000e+00,
2.0799960e-05,1.00000e-01,3.32000e+00,
2.1199960e-05,1.08000e-01,3.36000e+00,
2.1599959e-05,1.16000e-01,3.32000e+00,
2.1999958e-05,9.60000e-02,3.36000e+00,
2.2399958e-05,1.00000e-01,3.32000e+00,
2.2799957e-05,1.20000e-01,3.36000e+00,
2.3199957e-05,1.04000e-01,3.32000e+00,
2.3599956e-05,1.20000e-01,3.36000e+00,
2.3999955e-05,1.00000e-01,3.32000e+00,
2.4399955e-05,1.20000e-01,3.36000e+00,
2.4799954e-05,1.04000e-01,3.32000e+00,
2.5199954e-05,1.20000e-01,3.36000e+00,
2.5599953e-05,1.12000e-01,3.36000e+00,
2.5999952e-05,1.20000e-01,3.32000e+00,
2.6399952e-05,1.12000e-01,3.36000e+00,
2.6799951e-05,1.24000e-01,3.32000e+00,
2.7199951e-05,1.16000e-01,3.32000e+00,
2.7599950e-05,1.28000e-01,3.32000e+00,
2.7999949e-05,1.16000e-01,3.36000e+00,
2.8399949e-05,1.28000e-01,3.32000e+00,
2.8799948e-05,1.20000e-01,3.32000e+00,
2.9199948e-05,1.32000e-01,3.36000e+00,
2.9599947e-05,1.20000e-01,3.36000e+00,
2.9999946e-05,1.32000e-01,3.32000e+00,
3.0399946e-05,1.24000e-01,3.36000e+00,
3.0799947e-05,1.36000e-01,3.32000e+00,
3.1199947e-05,1.28000e-01,3.36000e+00,
3.1599946e-05,1.36000e-01,3.32000e+00,
3.1999945e-05,1.28000e-01,3.32000e+00,
3.2399945e-05,1.36000e-01,3.32000e+00,
3.2799944e-05,1.32000e-01,3.36000e+00,
3.3199944e-05,1.40000e-01,3.32000e+00,
3.3599943e-05,1.32000e-01,3.32000e+00,
3.3999942e-05,1.44000e-01,3.36000e+00,
3.4399942e-05,1.36000e-01,3.32000e+00,
3.4799941e-05,1.48000e-01,3.32000e+00,
3.5199941e-05,1.32000e-01,3.36000e+00,
3.5599940e-05,1.56000e-01,3.28000e+00,
3.5999939e-05,1.36000e-01,3.36000e+00,
3.6399939e-05,1.56000e-01,3.32000e+00,
3.6799938e-05,1.36000e-01,3.36000e+00,
3.7199938e-05,1.52000e-01,3.32000e+00,
3.7599937e-05,1.44000e-01,3.32000e+00,
3.7999936e-05,1.56000e-01,3.36000e+00,
3.8399936e-05,1.52000e-01,3.32000e+00,
3.8799935e-05,1.48000e-01,3.32000e+00,
3.9199935e-05,1.48000e-01,3.32000e+00,
3.9599934e-05,1.60000e-01,3.36000e+00,
3.9999934e-05,1.52000e-01,3.32000e+00,
4.0399933e-05,1.60000e-01,3.36000e+00,
4.0799932e-05,1.52000e-01,3.32000e+00,
4.1199932e-05,1.60000e-01,3.36000e+00,
4.1599931e-05,1.64000e-01,3.32000e+00,
4.1999931e-05,1.56000e-01,3.36000e+00,
4.2399930e-05,1.68000e-01,3.32000e+00,
4.2799929e-05,1.56000e-01,3.32000e+00,
4.3199929e-05,1.60000e-01,3.36000e+00,
4.3599928e-05,1.72000e-01,3.32000e+00,
4.3999928e-05,1.72000e-01,3.36000e+00,
4.4399927e-05,1.60000e-01,3.32000e+00,
4.4799926e-05,1.64000e-01,3.32000e+00,
4.5199926e-05,1.76000e-01,3.36000e+00,
4.5599925e-05,1.76000e-01,3.32000e+00,
4.5999925e-05,1.64000e-01,3.36000e+00,
4.6399924e-05,1.76000e-01,3.32000e+00,
4.6799923e-05,1.68000e-01,3.36000e+00,
4.7199923e-05,1.80000e-01,3.32000e+00,
4.7599922e-05,1.72000e-01,3.36000e+00,
4.7999922e-05,1.92000e-01,3.32000e+00,
4.8399921e-05,1.68000e-01,3.32000e+00,
4.8799920e-05,1.68000e-01,3.32000e+00,
4.9199920e-05,1.88000e-01,3.36000e+00,
4.9599919e-05,1.80000e-01,3.32000e+00,
4.9999919e-05,1.88000e-01,3.36000e+00,
5.0399918e-05,1.76000e-01,3.32000e+00,
5.0799918e-05,1.92000e-01,3.36000e+00,
5.1199917e-05,1.92000e-01,3.36000e+00,
5.1599916e-05,1.84000e-01,3.32000e+00,
5.1999916e-05,1.92000e-01,3.32000e+00,
5.2399915e-05,1.84000e-01,3.36000e+00,
5.2799915e-05,1.96000e-01,3.32000e+00,
5.3199914e-05,1.88000e-01,3.32000e+00,
5.3599913e-05,1.88000e-01,3.32000e+00,
5.3999913e-05,2.00000e-01,3.36000e+00,
5.4399912e-05,2.00000e-01,3.32000e+00,
5.4799912e-05,1.92000e-01,3.36000e+00,
5.5199911e-05,2.00000e-01,3.32000e+00,
5.5599910e-05,1.92000e-01,3.36000e+00,
5.5999910e-05,2.04000e-01,3.36000e+00,
5.6399909e-05,1.96000e-01,3.32000e+00,
5.6799909e-05,2.08000e-01,3.36000e+00,
5.7199908e-05,1.96000e-01,3.32000e+00,
5.7599907e-05,2.08000e-01,3.32000e+00,
5.7999907e-05,1.96000e-01,3.32000e+00,
5.8399906e-05,2.08000e-01,3.32000e+00,
5.8799906e-05,2.00000e-01,3.36000e+00,
5.9199905e-05,2.12000e-01,3.36000e+00,
5.9599904e-05,2.04000e-01,3.32000e+00,
5.9999904e-05,2.24000e-01,3.32000e+00,
6.0399903e-05,1.96000e-01,3.36000e+00,
6.0799903e-05,2.00000e-01,3.32000e+00,
6.1199906e-05,2.28000e-01,3.36000e+00,
6.1599909e-05,2.08000e-01,3.36000e+00,
6.1999912e-05,2.24000e-01,3.32000e+00,
6.2399915e-05,2.12000e-01,3.32000e+00,
6.2799918e-05,2.20000e-01,3.32000e+00,
6.3199921e-05,2.16000e-01,3.32000e+00,
6.3599924e-05,2.24000e-01,3.36000e+00,
6.3999927e-05,2.16000e-01,3.32000e+00,
6.4399930e-05,2.28000e-01,3.36000e+00,
6.4799933e-05,2.16000e-01,3.32000e+00,
6.5199936e-05,2.28000e-01,3.36000e+00,
6.5599939e-05,2.20000e-01,3.36000e+00,
6.5999942e-05,2.28000e-01,3.32000e+00,
6.6399945e-05,2.24000e-01,3.32000e+00,
6.6799948e-05,2.32000e-01,3.36000e+00,
6.7199951e-05,2.24000e-01,3.32000e+00,
6.7599954e-05,2.36000e-01,3.32000e+00,
6.7999958e-05,2.28000e-01,3.32000e+00,
6.8399961e-05,2.36000e-01,3.36000e+00,
6.8799964e-05,2.28000e-01,3.32000e+00,
6.9199967e-05,2.40000e-01,3.36000e+00,
6.9599970e-05,2.28000e-01,3.36000e+00,
6.9999973e-05,2.40000e-01,3.32000e+00,
7.0399976e-05,2.32000e-01,3.32000e+00,
7.0799979e-05,2.44000e-01,3.36000e+00,
7.1199982e-05,2.36000e-01,3.32000e+00,
7.1599985e-05,2.48000e-01,3.36000e+00,
7.1999988e-05,2.36000e-01,3.32000e+00,
7.2399991e-05,2.48000e-01,3.36000e+00,
7.2799994e-05,2.36000e-01,3.32000e+00,
7.3199997e-05,2.56000e-01,3.36000e+00,
7.3600000e-05,2.36000e-01,3.32000e+00,
7.4000003e-05,2.56000e-01,3.36000e+00,
7.4400006e-05,2.40000e-01,3.32000e+00,
7.4800009e-05,2.52000e-01,3.36000e+00,
7.5200012e-05,2.44000e-01,3.32000e+00,
7.5600015e-05,2.56000e-01,3.32000e+00,
7.6000018e-05,2.48000e-01,3.32000e+00,
7.6400021e-05,2.56000e-01,3.36000e+00,
7.6800025e-05,2.48000e-01,3.32000e+00,
7.7200028e-05,2.60000e-01,3.36000e+00,
7.7600031e-05,2.48000e-01,3.36000e+00,
7.8000034e-05,2.64000e-01,3.32000e+00,
7.8400037e-05,2.56000e-01,3.36000e+00,
7.8800040e-05,2.60000e-01,3.32000e+00,
7.9200043e-05,2.56000e-01,3.32000e+00,
7.9600046e-05,2.64000e-01,3.36000e+00,
8.0000049e-05,2.56000e-01,3.32000e+00,
8.0400052e-05,2.68000e-01,3.36000e+00,
8.0800055e-05,2.60000e-01,3.36000e+00,
8.1200058e-05,2.68000e-01,3.32000e+00,
8.1600061e-05,2.60000e-01,3.36000e+00,
8.2000064e-05,2.72000e-01,3.32000e+00,
8.2400067e-05,2.64000e-01,3.36000e+00,
8.2800070e-05,2.76000e-01,3.32000e+00,
8.3200073e-05,2.64000e-01,3.36000e+00,
8.3600076e-05,2.76000e-01,3.32000e+00,
8.4000079e-05,2.68000e-01,3.36000e+00,
8.4400082e-05,2.76000e-01,3.32000e+00,
8.4800085e-05,2.64000e-01,3.36000e+00,
8.5200089e-05,2.92000e-01,3.32000e+00,
8.5600092e-05,2.96000e-01,3.36000e+00,
8.6000095e-05,2.56000e-01,3.32000e+00,
8.6400098e-05,2.72000e-01,3.32000e+00,
8.6800101e-05,2.88000e-01,3.36000e+00,
8.7200104e-05,2.76000e-01,3.32000e+00,
8.7600107e-05,2.88000e-01,3.36000e+00,
8.8000110e-05,2.88000e-01,3.32000e+00,
8.8400113e-05,2.76000e-01,3.36000e+00,
8.8800116e-05,2.88000e-01,3.32000e+00,
8.9200119e-05,2.80000e-01,3.36000e+00,
8.9600122e-05,2.88000e-01,3.36000e+00,
9.0000125e-05,2.84000e-01,3.32000e+00,
9.0400128e-05,2.84000e-01,3.32000e+00,
9.0800131e-05,2.92000e-01,3.36000e+00,
9.1200134e-05,2.92000e-01,3.32000e+00,
9.1600137e-05,2.88000e-01,3.36000e+00,
9.2000140e-05,2.96000e-01,3.32000e+00,
9.2400143e-05,2.88000e-01,3.36000e+00,
9.2800146e-05,2.88000e-01,3.32000e+00,
9.3200149e-05,3.04000e-01,3.32000e+00,
9.3600152e-05,3.04000e-01,3.32000e+00,
9.4000156e-05,2.88000e-01,3.36000e+00,
9.4400159e-05,3.04000e-01,3.32000e+00,
9.4800162e-05,2.92000e-01,3.36000e+00,
9.5200165e-05,2.96000e-01,3.32000e+00,
9.5600168e-05,3.08000e-01,3.32000e+00,
9.6000171e-05,3.08000e-01,3.32000e+00,
9.6400174e-05,3.00000e-01,3.36000e+00,
9.6800177e-05,3.16000e-01,3.32000e+00,
9.7200180e-05,2.96000e-01,3.36000e+00,
9.7600183e-05,3.16000e-01,3.32000e+00,
9.8000186e-05,2.96000e-01,3.36000e+00,
9.8400189e-05,3.16000e-01,3.32000e+00,
9.8800192e-05,2.92000e-01,3.32000e+00,
9.9200195e-05,3.20000e-01,3.32000e+00,
9.9600198e-05,3.08000e-01,3.32000e+00,
1.0000020e-04,3.16000e-01,3.36000e+00,
1.0040020e-04,3.08000e-01,3.32000e+00,
1.0080021e-04,3.20000e-01,3.36000e+00,
1.0120021e-04,3.08000e-01,3.32000e+00,
1.0160021e-04,3.20000e-01,3.32000e+00,
1.0200022e-04,3.12000e-01,3.36000e+00,
1.0240022e-04,3.20000e-01,3.32000e+00,
1.0280022e-04,3.12000e-01,3.36000e+00,
1.0320023e-04,3.24000e-01,3.32000e+00,
1.0360023e-04,3.16000e-01,3.36000e+00,
1.0400023e-04,3.20000e-01,3.32000e+00,
1.0440023e-04,3.16000e-01,4.00000e-02,
1.0480024e-04,3.20000e-01,-0.00000e+00,
1.0520024e-04,3.32000e-01,4.00000e-02,
1.0560024e-04,3.20000e-01,-0.00000e+00,
1.0600025e-04,3.32000e-01,4.00000e-02,
1.0640025e-04,3.28000e-01,-0.00000e+00,
1.0680025e-04,3.20000e-01,4.00000e-02,
1.0720026e-04,3.32000e-01,4.00000e-02,
1.0760026e-04,3.20000e-01,-0.00000e+00,
1.0800026e-04,3.32000e-01,7.99999e-02,
1.0840027e-04,3.24000e-01,-0.00000e+00,
1.0880027e-04,3.24000e-01,4.00000e-02,
1.0920027e-04,3.36000e-01,4.00000e-02,
1.0960027e-04,3.44000e-01,-0.00000e+00,
1.1000028e-04,3.20000e-01,7.99999e-02,
1.1040028e-04,3.24000e-01,4.00000e-02,
1.1080028e-04,3.52000e-01,7.99999e-02,
1.1120029e-04,3.48000e-01,4.00000e-02,
1.1160029e-04,3.28000e-01,7.99999e-02,
1.1200029e-04,3.36000e-01,4.00000e-02,
1.1240030e-04,3.48000e-01,7.99999e-02,
1.1280030e-04,3.48000e-01,4.00000e-02,
1.1320030e-04,3.36000e-01,7.99999e-02,
1.1360030e-04,3.40000e-01,4.00000e-02,
1.1400031e-04,3.52000e-01,4.00000e-02,
1.1440031e-04,3.48000e-01,4.00000e-02,
1.1480031e-04,3.40000e-01,4.00000e-02,
1.1520032e-04,3.40000e-01,4.00000e-02,
1.1560032e-04,3.56000e-01,7.99999e-02,
1.1600032e-04,3.40000e-01,4.00000e-02,
1.1640033e-04,3.56000e-01,7.99999e-02,
1.1680033e-04,3.48000e-01,4.00000e-02,
1.1720033e-04,3.56000e-01,7.99999e-02,
1.1760034e-04,3.56000e-01,4.00000e-02,
1.1800034e-04,3.48000e-01,7.99999e-02,
1.1840034e-04,3.52000e-01,4.00000e-02,
1.1880034e-04,3.60000e-01,4.00000e-02,
1.1920035e-04,3.52000e-01,4.00000e-02,
1.1960035e-04,3.60000e-01,7.99999e-02,
1.2000035e-04,3.52000e-01,4.00000e-02,
1.2040036e-04,3.64000e-01,4.00000e-02,
1.2080036e-04,3.56000e-01,4.00000e-02,
1.2120036e-04,3.64000e-01,7.99999e-02,
1.2160037e-04,3.56000e-01,4.00000e-02,
1.2200037e-04,3.80000e-01,7.99999e-02,
1.2240036e-04,3.76000e-01,7.99999e-02,
1.2280037e-04,3.44000e-01,-0.00000e+00,
1.2320037e-04,3.56000e-01,4.00000e-02,
1.2360037e-04,3.72000e-01,4.00000e-02,
1.2400038e-04,3.64000e-01,7.99999e-02,
1.2440038e-04,3.76000e-01,4.00000e-02,
1.2480038e-04,3.72000e-01,-0.00000e+00,
1.2520039e-04,3.64000e-01,7.99999e-02,
1.2560039e-04,3.72000e-01,4.00000e-02,
1.2600039e-04,3.68000e-01,4.00000e-02,
1.2640039e-04,3.72000e-01,4.00000e-02,
1.2680040e-04,3.80000e-01,7.99999e-02,
1.2720040e-04,3.72000e-01,7.99999e-02,
1.2760040e-04,3.80000e-01,4.00000e-02,
1.2800041e-04,3.72000e-01,4.00000e-02,
1.2840041e-04,3.84000e-01,7.99999e-02,
1.2880041e-04,3.84000e-01,-0.00000e+00,
1.2920042e-04,3.72000e-01,7.99999e-02,
1.2960042e-04,3.76000e-01,4.00000e-02,
1.3000042e-04,3.88000e-01,7.99999e-02,
1.3040043e-04,3.88000e-01,4.00000e-02,
1.3080043e-04,3.80000e-01,7.99999e-02,
1.3120043e-04,3.88000e-01,4.00000e-02,
1.3160043e-04,3.80000e-01,7.99999e-02,
1.3200044e-04,3.88000e-01,4.00000e-02,
1.3240044e-04,3.84000e-01,4.00000e-02,
1.3280044e-04,3.92000e-01,4.00000e-02,
1.3320045e-04,3.84000e-01,7.99999e-02,
1.3360045e-04,3.96000e-01,7.99999e-02,
1.3400045e-04,3.84000e-01,4.00000e-02,
1.3440046e-04,4.04000e-01,4.00000e-02,
1.3480046e-04,3.80000e-01,7.99999e-02,
1.3520046e-04,3.80000e-01,7.99999e-02,
1.3560047e-04,4.04000e-01,4.00000e-02,
1.3600047e-04,3.92000e-01,4.00000e-02,
1.3640047e-04,4.04000e-01,7.99999e-02,
1.3680047e-04,3.92000e-01,7.99999e-02,
1.3720048e-04,4.04000e-01,4.00000e-02,
1.3760048e-04,4.04000e-01,7.99999e-02,
1.3800048e-04,3.92000e-01,-0.00000e+00,
1.3840049e-04,4.04000e-01,4.00000e-02,
1.3880049e-04,4.00000e-01,7.99999e-02,
1.3920049e-04,4.04000e-01,4.00000e-02,
1.3960050e-04,4.00000e-01,7.99999e-02,
1.4000050e-04,4.08000e-01,4.00000e-02,
1.4040050e-04,4.00000e-01,4.00000e-02,
1.4080050e-04,4.12000e-01,4.00000e-02,
1.4120051e-04,4.00000e-01,7.99999e-02,
1.4160051e-04,4.04000e-01,4.00000e-02,
1.4200051e-04,4.16000e-01,4.00000e-02,
1.4240052e-04,4.04000e-01,4.00000e-02,
1.4280052e-04,4.16000e-01,7.99999e-02,
1.4320052e-04,4.16000e-01,4.00000e-02,
1.4360053e-04,4.04000e-01,7.99999e-02,
1.4400053e-04,4.16000e-01,7.99999e-02,
1.4440053e-04,4.08000e-01,4.00000e-02,
1.4480054e-04,4.16000e-01,7.99999e-02,
1.4520054e-04,4.12000e-01,4.00000e-02,
1.4560054e-04,4.20000e-01,7.99999e-02,
1.4600054e-04,4.12000e-01,4.00000e-02,
1.4640055e-04,4.20000e-01,4.00000e-02,
1.4680055e-04,4.16000e-01,7.99999e-02,
1.4720055e-04,4.12000e-01,4.00000e-02,
1.4760056e-04,4.36000e-01,7.99999e-02,
1.4800056e-04,4.32000e-01,4.00000e-02,
1.4840056e-04,4.12000e-01,7.99999e-02,
1.4880057e-04,4.20000e-01,4.00000e-02,
1.4920057e-04,4.32000e-01,7.99999e-02,
1.4960057e-04,4.28000e-01,4.00000e-02,
1.5000057e-04,4.24000e-01,4.00000e-02,
1.5040058e-04,4.32000e-01,4.00000e-02,
1.5080058e-04,4.20000e-01,7.99999e-02,
1.5120058e-04,4.32000e-01,4.00000e-02,
1.5160059e-04,4.24000e-01,7.99999e-02,
1.5200059e-04,4.36000e-01,4.00000e-02,
1.5240059e-04,4.28000e-01,7.99999e-02,
1.5280060e-04,4.28000e-01,4.00000e-02,
1.5320060e-04,4.40000e-01,7.99999e-02,
1.5360060e-04,4.40000e-01,7.99999e-02,
1.5400061e-04,4.28000e-01,4.00000e-02,
1.5440061e-04,4.44000e-01,4.00000e-02,
1.5480061e-04,4.32000e-01,7.99999e-02,
1.5520061e-04,4.44000e-01,4.00000e-02,
1.5560062e-04,4.32000e-01,7.99999e-02,
1.5600062e-04,4.36000e-01,4.00000e-02,
1.5640062e-04,4.44000e-01,7.99999e-02,
1.5680063e-04,4.40000e-01,4.00000e-02,
1.5720063e-04,4.48000e-01,7.99999e-02,
1.5760063e-04,4.48000e-01,7.99999e-02,
1.5800064e-04,4.40000e-01,4.00000e-02,
1.5840064e-04,4.36000e-01,7.99999e-02,
1.5880064e-04,4.52000e-01,4.00000e-02,
1.5920064e-04,4.36000e-01,7.99999e-02,
1.5960065e-04,4.64000e-01,-0.00000e+00,
1.6000065e-04,4.64000e-01,7.99999e-02,
1.6040065e-04,4.36000e-01,4.00000e-02,
1.6080066e-04,4.44000e-01,-0.00000e+00,
1.6120066e-04,4.60000e-01,7.99999e-02,
1.6160066e-04,4.48000e-01,4.00000e-02,
1.6200067e-04,4.56000e-01,4.00000e-02,
1.6240067e-04,4.60000e-01,4.00000e-02,
1.6280067e-04,4.48000e-01,7.99999e-02,
1.6320068e-04,4.52000e-01,4.00000e-02,
1.6360068e-04,4.60000e-01,7.99999e-02,
1.6400068e-04,4.64000e-01,4.00000e-02,
1.6440068e-04,4.52000e-01,4.00000e-02,
1.6480069e-04,4.52000e-01,-0.00000e+00,
1.6520069e-04,4.64000e-01,7.99999e-02,
1.6560069e-04,4.64000e-01,7.99999e-02,
1.6600070e-04,4.56000e-01,4.00000e-02,
1.6640070e-04,4.60000e-01,4.00000e-02,
1.6680070e-04,4.68000e-01,7.99999e-02,
1.6720071e-04,4.68000e-01,-0.00000e+00,
1.6760071e-04,4.60000e-01,7.99999e-02,
1.6800071e-04,4.60000e-01,4.00000e-02,
1.6840071e-04,4.72000e-01,4.00000e-02,
1.6880072e-04,4.64000e-01,4.00000e-02,
1.6920072e-04,4.76000e-01,7.99999e-02,
1.6960072e-04,4.64000e-01,4.00000e-02,
1.7000073e-04,4.76000e-01,4.00000e-02,
1.7040073e-04,4.68000e-01,4.00000e-02,
1.7080073e-04,4.76000e-01,7.99999e-02,
1.7120074e-04,4.68000e-01,4.00000e-02,
1.7160074e-04,4.80000e-01,7.99999e-02,
1.7200074e-04,4.88000e-01,4.00000e-02,
1.7240075e-04,4.60000e-01,7.99999e-02,
1.7280075e-04,4.64000e-01,7.99999e-02,
1.7320075e-04,4.88000e-01,4.00000e-02,
1.7360075e-04,4.68000e-01,4.00000e-02,
1.7400076e-04,4.84000e-01,7.99999e-02,
1.7440076e-04,4.76000e-01,7.99999e-02,
1.7480076e-04,4.84000e-01,4.00000e-02,
1.7520077e-04,4.80000e-01,7.99999e-02,
1.7560077e-04,4.88000e-01,4.00000e-02,
1.7600077e-04,4.76000e-01,4.00000e-02,
1.7640078e-04,4.92000e-01,7.99999e-02,
1.7680078e-04,4.80000e-01,4.00000e-02,
1.7720078e-04,4.88000e-01,4.00000e-02,
1.7760078e-04,4.84000e-01,4.00000e-02,
1.7800079e-04,4.92000e-01,7.99999e-02,
1.7840079e-04,4.84000e-01,7.99999e-02,
1.7880079e-04,4.92000e-01,4.00000e-02,
1.7920080e-04,4.96000e-01,4.00000e-02,
1.7960080e-04,4.84000e-01,7.99999e-02,
1.8000080e-04,4.88000e-01,4.00000e-02,
1.8040081e-04,5.00000e-01,7.99999e-02,
1.8080081e-04,4.88000e-01,4.00000e-02,
1.8120081e-04,4.96000e-01,4.00000e-02,
1.8160082e-04,4.92000e-01,4.00000e-02,
1.8200082e-04,5.00000e-01,7.99999e-02,
1.8240082e-04,4.96000e-01,4.00000e-02,
1.8280082e-04,5.04000e-01,7.99999e-02,
1.8320083e-04,4.92000e-01,4.00000e-02,
1.8360083e-04,5.04000e-01,7.99999e-02,
1.8400083e-04,4.92000e-01,4.00000e-02,
1.8440084e-04,5.12000e-01,7.99999e-02,
1.8480084e-04,5.12000e-01,7.99999e-02,
1.8520084e-04,4.92000e-01,4.00000e-02,
1.8560085e-04,5.12000e-01,7.99999e-02,
1.8600085e-04,4.96000e-01,4.00000e-02,
1.8640085e-04,5.00000e-01,4.00000e-02,
1.8680085e-04,5.12000e-01,7.99999e-02,
1.8720086e-04,5.12000e-01,4.00000e-02,
1.8760086e-04,5.00000e-01,7.99999e-02,
1.8800086e-04,5.04000e-01,4.00000e-02,
1.8840087e-04,5.12000e-01,7.99999e-02,
1.8880087e-04,5.04000e-01,4.00000e-02,
1.8920087e-04,5.16000e-01,7.99999e-02,
1.8960088e-04,5.08000e-01,4.00000e-02,
1.9000088e-04,5.16000e-01,4.00000e-02,
1.9040088e-04,5.08000e-01,7.99999e-02,
1.9080089e-04,5.20000e-01,4.00000e-02,
1.9120089e-04,5.12000e-01,4.00000e-02,
1.9160089e-04,5.20000e-01,7.99999e-02,
1.9200089e-04,5.12000e-01,4.00000e-02,
1.9240090e-04,5.20000e-01,7.99999e-02,
1.9280090e-04,5.24000e-01,7.99999e-02,
1.9320090e-04,5.12000e-01,4.00000e-02,
1.9360091e-04,5.16000e-01,4.00000e-02,
1.9400091e-04,5.28000e-01,7.99999e-02,
1.9440091e-04,5.16000e-01,4.00000e-02,
1.9480092e-04,5.28000e-01,7.99999e-02,
1.9520092e-04,5.16000e-01,4.00000e-02,
1.9560092e-04,5.28000e-01,4.00000e-02,
1.9600092e-04,5.20000e-01,4.00000e-02,
1.9640093e-04,5.32000e-01,7.99999e-02,
1.9680093e-04,5.16000e-01,4.00000e-02,
1.9720093e-04,5.40000e-01,7.99999e-02,
1.9760094e-04,5.16000e-01,-0.00000e+00,
1.9800094e-04,5.44000e-01,7.99999e-02,
1.9840094e-04,5.24000e-01,4.00000e-02,
1.9880095e-04,5.36000e-01,7.99999e-02,
1.9920095e-04,5.28000e-01,7.99999e-02,
1.9960095e-04,5.36000e-01,-0.00000e+00,
